	Shuffled : 0	Shuffled : 100	Shuffled : 500	Shuffled : 900
0x0	2.0	2.0	2.0	0.0
1x0	1.0	1.0	5.0	2.0
2x0	2.0	2.0	2.0	1.0
3x0	1.0	1.0	1.0	1.0
4x0	2.0	2.0	0.0	4.0
5x0	3.0	3.0	1.0	0.0
6x0	1.0	1.0	1.0	5.0
7x0	1.0	1.0	1.0	0.0
8x0	4.0	4.0	4.0	1.0
9x0	1.0	1.0	1.0	13.0
10x0	0.0	0.0	0.0	1.0
11x0	2.0	2.0	2.0	1.0
12x0	5.0	5.0	0.0	5.0
13x0	3.0	3.0	7.0	2.0
14x0	0.0	0.0	6.0	5.0
15x0	3.0	3.0	3.0	11.0
16x0	3.0	3.0	3.0	5.0
17x0	1.0	1.0	1.0	3.0
18x0	1.0	1.0	1.0	1.0
19x0	2.0	7.0	1.0	4.0
20x0	3.0	3.0	2.0	1.0
21x0	4.0	4.0	3.0	4.0
22x0	1.0	1.0	12.0	1.0
23x0	2.0	2.0	6.0	2.0
24x0	2.0	2.0	2.0	0.0
25x0	4.0	4.0	1.0	10.0
26x0	4.0	4.0	4.0	2.0
27x0	1.0	1.0	1.0	0.0
28x0	1.0	1.0	2.0	8.0
29x0	1.0	2.0	5.0	6.0
0x1	1.0	1.0	1.0	3.0
1x1	1.0	7.0	1.0	2.0
2x1	0.0	2.0	0.0	1.0
3x1	2.0	2.0	2.0	3.0
4x1	4.0	3.0	1.0	3.0
5x1	2.0	2.0	3.0	9.0
6x1	1.0	1.0	6.0	1.0
7x1	3.0	3.0	3.0	1.0
8x1	3.0	3.0	0.0	2.0
9x1	2.0	2.0	2.0	2.0
10x1	5.0	5.0	5.0	8.0
11x1	0.0	0.0	3.0	2.0
12x1	0.0	0.0	10.0	3.0
13x1	4.0	4.0	1.0	1.0
14x1	2.0	2.0	2.0	2.0
15x1	1.0	1.0	3.0	0.0
16x1	2.0	2.0	2.0	9.0
17x1	5.0	5.0	13.0	0.0
18x1	0.0	0.0	6.0	5.0
19x1	2.0	2.0	3.0	15.0
20x1	1.0	1.0	0.0	2.0
21x1	2.0	2.0	2.0	1.0
22x1	2.0	2.0	4.0	3.0
23x1	3.0	3.0	3.0	1.0
24x1	1.0	1.0	2.0	1.0
25x1	2.0	2.0	2.0	13.0
26x1	0.0	0.0	0.0	0.0
27x1	2.0	2.0	1.0	2.0
28x1	4.0	1.0	4.0	2.0
29x1	0.0	5.0	0.0	6.0
0x2	1.0	1.0	0.0	1.0
1x2	0.0	0.0	5.0	2.0
2x2	2.0	2.0	2.0	2.0
3x2	3.0	3.0	2.0	0.0
4x2	3.0	3.0	3.0	2.0
5x2	1.0	1.0	1.0	7.0
6x2	2.0	2.0	2.0	1.0
7x2	5.0	2.0	10.0	1.0
8x2	2.0	2.0	3.0	5.0
9x2	1.0	0.0	1.0	6.0
10x2	2.0	2.0	2.0	6.0
11x2	5.0	10.0	1.0	0.0
12x2	1.0	1.0	1.0	1.0
13x2	3.0	3.0	1.0	3.0
14x2	0.0	0.0	0.0	9.0
15x2	5.0	5.0	5.0	3.0
16x2	1.0	1.0	1.0	0.0
17x2	0.0	0.0	0.0	1.0
18x2	3.0	3.0	0.0	1.0
19x2	3.0	3.0	3.0	4.0
20x2	3.0	3.0	3.0	12.0
21x2	5.0	5.0	1.0	1.0
22x2	1.0	1.0	1.0	9.0
23x2	0.0	0.0	0.0	14.0
24x2	0.0	0.0	2.0	1.0
25x2	3.0	3.0	8.0	0.0
26x2	1.0	1.0	1.0	3.0
27x2	6.0	6.0	8.0	5.0
28x2	2.0	5.0	2.0	2.0
29x2	3.0	6.0	2.0	7.0
0x3	2.0	2.0	2.0	2.0
1x3	2.0	2.0	2.0	0.0
2x3	2.0	2.0	1.0	2.0
3x3	6.0	6.0	6.0	2.0
4x3	6.0	6.0	6.0	7.0
5x3	8.0	8.0	5.0	4.0
6x3	3.0	3.0	8.0	6.0
7x3	1.0	1.0	9.0	11.0
8x3	4.0	0.0	4.0	2.0
9x3	3.0	3.0	3.0	2.0
10x3	3.0	3.0	3.0	11.0
11x3	0.0	0.0	2.0	0.0
12x3	4.0	4.0	4.0	2.0
13x3	1.0	1.0	1.0	4.0
14x3	1.0	1.0	1.0	1.0
15x3	2.0	2.0	2.0	9.0
16x3	3.0	3.0	6.0	3.0
17x3	1.0	1.0	3.0	0.0
18x3	6.0	6.0	1.0	2.0
19x3	0.0	0.0	0.0	8.0
20x3	11.0	11.0	12.0	4.0
21x3	1.0	1.0	3.0	1.0
22x3	1.0	1.0	0.0	3.0
23x3	2.0	2.0	13.0	1.0
24x3	2.0	2.0	2.0	1.0
25x3	1.0	1.0	0.0	2.0
26x3	0.0	0.0	0.0	1.0
27x3	1.0	1.0	1.0	5.0
28x3	1.0	1.0	2.0	6.0
29x3	1.0	1.0	1.0	8.0
0x4	0.0	0.0	0.0	1.0
1x4	1.0	1.0	1.0	4.0
2x4	1.0	1.0	1.0	1.0
3x4	9.0	10.0	9.0	3.0
4x4	4.0	4.0	4.0	8.0
5x4	9.0	9.0	3.0	5.0
6x4	6.0	6.0	0.0	5.0
7x4	4.0	4.0	4.0	1.0
8x4	0.0	0.0	0.0	1.0
9x4	1.0	1.0	5.0	4.0
10x4	2.0	2.0	2.0	1.0
11x4	2.0	2.0	3.0	0.0
12x4	5.0	5.0	5.0	1.0
13x4	3.0	3.0	3.0	8.0
14x4	0.0	0.0	0.0	1.0
15x4	4.0	4.0	9.0	1.0
16x4	4.0	4.0	3.0	3.0
17x4	3.0	3.0	3.0	2.0
18x4	4.0	4.0	2.0	2.0
19x4	6.0	6.0	0.0	2.0
20x4	7.0	7.0	1.0	2.0
21x4	10.0	4.0	10.0	4.0
22x4	2.0	2.0	5.0	1.0
23x4	1.0	1.0	8.0	2.0
24x4	0.0	0.0	0.0	0.0
25x4	7.0	7.0	7.0	5.0
26x4	1.0	1.0	4.0	6.0
27x4	2.0	2.0	2.0	1.0
28x4	2.0	2.0	3.0	0.0
29x4	3.0	0.0	3.0	3.0
0x5	5.0	5.0	2.0	3.0
1x5	3.0	3.0	1.0	2.0
2x5	2.0	5.0	2.0	1.0
3x5	10.0	10.0	0.0	2.0
4x5	10.0	10.0	0.0	0.0
5x5	10.0	10.0	0.0	3.0
6x5	7.0	7.0	7.0	3.0
7x5	11.0	11.0	11.0	3.0
8x5	2.0	2.0	2.0	12.0
9x5	1.0	1.0	1.0	2.0
10x5	1.0	1.0	1.0	0.0
11x5	4.0	4.0	4.0	4.0
12x5	2.0	2.0	3.0	4.0
13x5	4.0	4.0	1.0	2.0
14x5	5.0	5.0	4.0	2.0
15x5	4.0	4.0	4.0	2.0
16x5	3.0	3.0	2.0	1.0
17x5	1.0	1.0	1.0	4.0
18x5	9.0	9.0	9.0	7.0
19x5	8.0	8.0	8.0	1.0
20x5	3.0	3.0	3.0	0.0
21x5	4.0	4.0	1.0	4.0
22x5	7.0	7.0	5.0	2.0
23x5	6.0	6.0	3.0	1.0
24x5	3.0	3.0	3.0	1.0
25x5	5.0	2.0	5.0	3.0
26x5	2.0	2.0	1.0	7.0
27x5	0.0	0.0	3.0	0.0
28x5	2.0	2.0	2.0	6.0
29x5	3.0	3.0	2.0	2.0
0x6	0.0	0.0	5.0	7.0
1x6	5.0	5.0	13.0	2.0
2x6	1.0	1.0	11.0	1.0
3x6	10.0	10.0	10.0	1.0
4x6	15.0	15.0	15.0	1.0
5x6	6.0	6.0	1.0	2.0
6x6	11.0	11.0	2.0	5.0
7x6	7.0	7.0	7.0	3.0
8x6	4.0	4.0	4.0	3.0
9x6	0.0	0.0	0.0	4.0
10x6	0.0	0.0	5.0	3.0
11x6	1.0	1.0	1.0	1.0
12x6	0.0	0.0	10.0	0.0
13x6	1.0	1.0	1.0	0.0
14x6	0.0	0.0	0.0	6.0
15x6	2.0	5.0	8.0	0.0
16x6	3.0	3.0	3.0	1.0
17x6	5.0	5.0	5.0	11.0
18x6	5.0	5.0	0.0	2.0
19x6	9.0	9.0	15.0	10.0
20x6	8.0	8.0	8.0	5.0
21x6	6.0	6.0	2.0	2.0
22x6	7.0	7.0	2.0	3.0
23x6	6.0	6.0	5.0	6.0
24x6	3.0	3.0	10.0	3.0
25x6	0.0	0.0	0.0	13.0
26x6	2.0	2.0	1.0	3.0
27x6	2.0	2.0	2.0	2.0
28x6	0.0	0.0	10.0	0.0
29x6	1.0	1.0	1.0	2.0
0x7	3.0	3.0	2.0	0.0
1x7	1.0	1.0	1.0	1.0
2x7	2.0	2.0	2.0	1.0
3x7	3.0	3.0	3.0	10.0
4x7	5.0	5.0	5.0	1.0
5x7	5.0	5.0	5.0	2.0
6x7	3.0	3.0	2.0	0.0
7x7	5.0	5.0	5.0	2.0
8x7	7.0	7.0	7.0	2.0
9x7	14.0	14.0	4.0	2.0
10x7	2.0	2.0	1.0	2.0
11x7	1.0	1.0	1.0	2.0
12x7	0.0	0.0	0.0	4.0
13x7	0.0	0.0	0.0	1.0
14x7	3.0	3.0	3.0	3.0
15x7	0.0	0.0	3.0	9.0
16x7	2.0	2.0	2.0	6.0
17x7	2.0	0.0	2.0	1.0
18x7	1.0	1.0	1.0	0.0
19x7	6.0	3.0	3.0	1.0
20x7	10.0	10.0	10.0	6.0
21x7	8.0	8.0	2.0	3.0
22x7	7.0	7.0	7.0	2.0
23x7	6.0	6.0	0.0	3.0
24x7	15.0	15.0	15.0	4.0
25x7	0.0	0.0	1.0	2.0
26x7	3.0	2.0	3.0	2.0
27x7	1.0	1.0	1.0	2.0
28x7	3.0	3.0	3.0	9.0
29x7	3.0	3.0	3.0	1.0
0x8	0.0	0.0	1.0	1.0
1x8	0.0	0.0	0.0	2.0
2x8	2.0	2.0	2.0	10.0
3x8	0.0	0.0	0.0	6.0
4x8	2.0	2.0	13.0	2.0
5x8	8.0	8.0	0.0	5.0
6x8	6.0	6.0	2.0	1.0
7x8	12.0	12.0	1.0	0.0
8x8	6.0	6.0	8.0	3.0
9x8	6.0	6.0	2.0	0.0
10x8	6.0	6.0	6.0	1.0
11x8	1.0	1.0	1.0	4.0
12x8	6.0	6.0	4.0	13.0
13x8	1.0	1.0	1.0	4.0
14x8	1.0	4.0	1.0	2.0
15x8	3.0	3.0	3.0	1.0
16x8	4.0	4.0	4.0	3.0
17x8	0.0	0.0	3.0	1.0
18x8	1.0	1.0	1.0	1.0
19x8	1.0	1.0	2.0	2.0
20x8	7.0	3.0	0.0	4.0
21x8	11.0	11.0	11.0	1.0
22x8	4.0	4.0	4.0	1.0
23x8	13.0	13.0	2.0	3.0
24x8	9.0	9.0	4.0	9.0
25x8	6.0	6.0	1.0	3.0
26x8	0.0	0.0	9.0	0.0
27x8	2.0	2.0	5.0	2.0
28x8	1.0	1.0	1.0	2.0
29x8	0.0	7.0	3.0	2.0
0x9	2.0	2.0	4.0	4.0
1x9	4.0	1.0	3.0	5.0
2x9	2.0	2.0	1.0	0.0
3x9	1.0	1.0	1.0	1.0
4x9	6.0	6.0	3.0	2.0
5x9	3.0	3.0	3.0	6.0
6x9	10.0	10.0	10.0	1.0
7x9	4.0	4.0	4.0	0.0
8x9	9.0	9.0	9.0	6.0
9x9	7.0	7.0	7.0	2.0
10x9	15.0	1.0	1.0	2.0
11x9	5.0	5.0	4.0	3.0
12x9	1.0	1.0	1.0	9.0
13x9	1.0	1.0	1.0	0.0
14x9	3.0	3.0	7.0	4.0
15x9	2.0	2.0	2.0	3.0
16x9	2.0	2.0	10.0	1.0
17x9	1.0	1.0	4.0	2.0
18x9	3.0	0.0	3.0	0.0
19x9	3.0	3.0	2.0	5.0
20x9	2.0	2.0	2.0	9.0
21x9	6.0	6.0	6.0	1.0
22x9	9.0	9.0	4.0	3.0
23x9	6.0	6.0	6.0	2.0
24x9	8.0	8.0	8.0	4.0
25x9	6.0	6.0	6.0	2.0
26x9	9.0	9.0	3.0	5.0
27x9	1.0	1.0	1.0	4.0
28x9	3.0	3.0	1.0	12.0
29x9	4.0	4.0	1.0	3.0
0x10	2.0	1.0	2.0	2.0
1x10	0.0	0.0	2.0	5.0
2x10	2.0	2.0	2.0	1.0
3x10	2.0	2.0	1.0	2.0
4x10	1.0	1.0	3.0	9.0
5x10	2.0	2.0	2.0	2.0
6x10	2.0	2.0	4.0	1.0
7x10	3.0	3.0	7.0	4.0
8x10	4.0	4.0	4.0	0.0
9x10	3.0	6.0	6.0	0.0
10x10	10.0	10.0	10.0	6.0
11x10	1.0	1.0	1.0	6.0
12x10	1.0	1.0	1.0	0.0
13x10	1.0	1.0	1.0	1.0
14x10	2.0	2.0	2.0	2.0
15x10	1.0	1.0	1.0	4.0
16x10	3.0	3.0	6.0	2.0
17x10	2.0	2.0	4.0	5.0
18x10	3.0	3.0	3.0	1.0
19x10	5.0	2.0	3.0	4.0
20x10	0.0	0.0	0.0	4.0
21x10	1.0	1.0	1.0	4.0
22x10	6.0	6.0	2.0	5.0
23x10	5.0	2.0	5.0	3.0
24x10	6.0	6.0	6.0	1.0
25x10	9.0	9.0	0.0	3.0
26x10	9.0	9.0	2.0	1.0
27x10	6.0	6.0	9.0	6.0
28x10	3.0	3.0	1.0	3.0
29x10	3.0	3.0	0.0	6.0
0x11	2.0	2.0	0.0	5.0
1x11	1.0	1.0	4.0	2.0
2x11	4.0	4.0	4.0	5.0
3x11	3.0	3.0	5.0	3.0
4x11	1.0	1.0	2.0	1.0
5x11	1.0	1.0	1.0	2.0
6x11	2.0	2.0	2.0	3.0
7x11	1.0	1.0	7.0	1.0
8x11	9.0	2.0	9.0	2.0
9x11	12.0	12.0	12.0	10.0
10x11	2.0	2.0	2.0	10.0
11x11	5.0	5.0	5.0	5.0
12x11	2.0	2.0	0.0	0.0
13x11	2.0	2.0	2.0	8.0
14x11	2.0	2.0	2.0	12.0
15x11	0.0	3.0	7.0	9.0
16x11	0.0	0.0	3.0	1.0
17x11	3.0	3.0	11.0	2.0
18x11	1.0	1.0	1.0	2.0
19x11	5.0	5.0	0.0	9.0
20x11	2.0	4.0	3.0	3.0
21x11	1.0	1.0	4.0	2.0
22x11	1.0	1.0	2.0	3.0
23x11	18.0	2.0	1.0	0.0
24x11	10.0	1.0	10.0	2.0
25x11	11.0	11.0	4.0	6.0
26x11	10.0	10.0	10.0	1.0
27x11	5.0	5.0	5.0	3.0
28x11	1.0	1.0	1.0	4.0
29x11	0.0	0.0	1.0	0.0
0x12	3.0	3.0	0.0	1.0
1x12	0.0	1.0	0.0	1.0
2x12	1.0	1.0	3.0	0.0
3x12	2.0	2.0	10.0	4.0
4x12	2.0	2.0	2.0	5.0
5x12	0.0	0.0	0.0	4.0
6x12	5.0	5.0	1.0	3.0
7x12	2.0	2.0	2.0	4.0
8x12	1.0	1.0	1.0	1.0
9x12	5.0	5.0	5.0	3.0
10x12	4.0	4.0	4.0	2.0
11x12	0.0	0.0	2.0	1.0
12x12	0.0	0.0	4.0	2.0
13x12	1.0	1.0	1.0	9.0
14x12	2.0	2.0	3.0	3.0
15x12	2.0	2.0	2.0	1.0
16x12	2.0	2.0	3.0	0.0
17x12	3.0	3.0	11.0	2.0
18x12	1.0	1.0	1.0	4.0
19x12	2.0	2.0	1.0	2.0
20x12	3.0	2.0	3.0	3.0
21x12	0.0	0.0	0.0	4.0
22x12	4.0	4.0	4.0	1.0
23x12	1.0	1.0	1.0	0.0
24x12	3.0	3.0	3.0	0.0
25x12	14.0	14.0	3.0	1.0
26x12	8.0	8.0	8.0	3.0
27x12	0.0	0.0	3.0	0.0
28x12	1.0	1.0	3.0	4.0
29x12	2.0	2.0	2.0	3.0
0x13	0.0	0.0	2.0	1.0
1x13	2.0	2.0	2.0	1.0
2x13	2.0	2.0	6.0	4.0
3x13	0.0	0.0	0.0	4.0
4x13	6.0	6.0	2.0	2.0
5x13	1.0	1.0	6.0	2.0
6x13	2.0	2.0	2.0	1.0
7x13	3.0	3.0	3.0	1.0
8x13	5.0	5.0	5.0	1.0
9x13	1.0	1.0	1.0	1.0
10x13	3.0	3.0	1.0	6.0
11x13	0.0	0.0	1.0	1.0
12x13	2.0	2.0	0.0	2.0
13x13	3.0	3.0	0.0	1.0
14x13	3.0	3.0	3.0	3.0
15x13	2.0	2.0	2.0	4.0
16x13	1.0	1.0	1.0	2.0
17x13	2.0	2.0	2.0	10.0
18x13	1.0	1.0	1.0	4.0
19x13	2.0	2.0	2.0	2.0
20x13	1.0	1.0	3.0	4.0
21x13	4.0	4.0	11.0	5.0
22x13	2.0	2.0	2.0	2.0
23x13	2.0	2.0	2.0	5.0
24x13	2.0	2.0	3.0	2.0
25x13	2.0	3.0	4.0	4.0
26x13	1.0	1.0	1.0	0.0
27x13	3.0	3.0	14.0	0.0
28x13	0.0	4.0	0.0	0.0
29x13	1.0	1.0	2.0	2.0
0x14	3.0	3.0	1.0	1.0
1x14	2.0	2.0	4.0	2.0
2x14	3.0	3.0	6.0	7.0
3x14	1.0	1.0	1.0	2.0
4x14	2.0	2.0	2.0	3.0
5x14	1.0	1.0	1.0	2.0
6x14	6.0	6.0	6.0	3.0
7x14	3.0	3.0	3.0	4.0
8x14	4.0	4.0	4.0	2.0
9x14	3.0	3.0	3.0	2.0
10x14	1.0	1.0	5.0	1.0
11x14	2.0	2.0	2.0	0.0
12x14	1.0	1.0	7.0	4.0
13x14	1.0	1.0	0.0	8.0
14x14	2.0	2.0	2.0	2.0
15x14	1.0	1.0	1.0	10.0
16x14	0.0	0.0	6.0	2.0
17x14	1.0	1.0	4.0	5.0
18x14	1.0	1.0	1.0	5.0
19x14	2.0	2.0	0.0	2.0
20x14	1.0	1.0	3.0	3.0
21x14	1.0	1.0	0.0	1.0
22x14	2.0	2.0	2.0	3.0
23x14	6.0	6.0	3.0	8.0
24x14	0.0	0.0	2.0	1.0
25x14	2.0	2.0	2.0	2.0
26x14	2.0	2.0	1.0	5.0
27x14	2.0	2.0	2.0	1.0
28x14	4.0	4.0	4.0	8.0
29x14	4.0	4.0	4.0	4.0
0x15	4.0	4.0	4.0	3.0
1x15	1.0	1.0	1.0	2.0
2x15	1.0	1.0	3.0	1.0
3x15	2.0	2.0	5.0	2.0
4x15	1.0	1.0	2.0	0.0
5x15	2.0	2.0	2.0	2.0
6x15	0.0	0.0	0.0	7.0
7x15	0.0	0.0	5.0	1.0
8x15	1.0	1.0	2.0	1.0
9x15	3.0	3.0	1.0	2.0
10x15	2.0	2.0	4.0	3.0
11x15	4.0	4.0	2.0	5.0
12x15	0.0	0.0	0.0	0.0
13x15	0.0	0.0	7.0	5.0
14x15	1.0	1.0	2.0	2.0
15x15	2.0	2.0	2.0	11.0
16x15	1.0	12.0	1.0	2.0
17x15	2.0	2.0	8.0	2.0
18x15	2.0	2.0	2.0	1.0
19x15	2.0	2.0	6.0	1.0
20x15	4.0	4.0	4.0	5.0
21x15	4.0	4.0	7.0	8.0
22x15	1.0	1.0	2.0	2.0
23x15	3.0	3.0	3.0	3.0
24x15	2.0	2.0	0.0	2.0
25x15	2.0	2.0	2.0	6.0
26x15	1.0	3.0	1.0	1.0
27x15	2.0	2.0	10.0	0.0
28x15	0.0	0.0	7.0	14.0
29x15	4.0	4.0	4.0	1.0
0x16	0.0	0.0	0.0	6.0
1x16	0.0	0.0	6.0	6.0
2x16	1.0	1.0	1.0	10.0
3x16	1.0	1.0	1.0	0.0
4x16	1.0	1.0	1.0	6.0
5x16	2.0	4.0	2.0	1.0
6x16	0.0	0.0	1.0	2.0
7x16	4.0	0.0	1.0	3.0
8x16	4.0	4.0	4.0	1.0
9x16	4.0	4.0	0.0	0.0
10x16	1.0	1.0	1.0	2.0
11x16	0.0	0.0	3.0	3.0
12x16	0.0	0.0	1.0	2.0
13x16	3.0	3.0	4.0	2.0
14x16	4.0	4.0	4.0	2.0
15x16	2.0	2.0	2.0	2.0
16x16	3.0	3.0	3.0	5.0
17x16	2.0	2.0	2.0	8.0
18x16	8.0	8.0	8.0	15.0
19x16	10.0	10.0	8.0	1.0
20x16	1.0	1.0	0.0	1.0
21x16	2.0	2.0	2.0	0.0
22x16	2.0	2.0	1.0	2.0
23x16	2.0	2.0	2.0	7.0
24x16	1.0	1.0	1.0	3.0
25x16	1.0	2.0	1.0	4.0
26x16	2.0	2.0	2.0	1.0
27x16	4.0	4.0	0.0	5.0
28x16	1.0	1.0	1.0	1.0
29x16	4.0	4.0	4.0	6.0
0x17	1.0	1.0	2.0	12.0
1x17	3.0	5.0	3.0	0.0
2x17	3.0	3.0	6.0	7.0
3x17	0.0	2.0	0.0	1.0
4x17	1.0	1.0	1.0	7.0
5x17	2.0	2.0	2.0	1.0
6x17	1.0	1.0	2.0	3.0
7x17	2.0	2.0	0.0	2.0
8x17	2.0	2.0	2.0	1.0
9x17	3.0	3.0	0.0	1.0
10x17	1.0	1.0	3.0	2.0
11x17	3.0	3.0	3.0	1.0
12x17	0.0	0.0	1.0	2.0
13x17	2.0	2.0	4.0	1.0
14x17	1.0	1.0	3.0	2.0
15x17	2.0	2.0	3.0	0.0
16x17	1.0	1.0	1.0	5.0
17x17	4.0	4.0	0.0	1.0
18x17	11.0	11.0	11.0	2.0
19x17	3.0	3.0	3.0	1.0
20x17	12.0	12.0	0.0	4.0
21x17	2.0	2.0	1.0	2.0
22x17	0.0	0.0	0.0	2.0
23x17	1.0	1.0	1.0	1.0
24x17	2.0	2.0	0.0	9.0
25x17	4.0	4.0	0.0	6.0
26x17	1.0	1.0	1.0	6.0
27x17	3.0	3.0	0.0	6.0
28x17	1.0	1.0	1.0	4.0
29x17	4.0	4.0	4.0	3.0
0x18	0.0	3.0	2.0	2.0
1x18	1.0	3.0	1.0	1.0
2x18	6.0	6.0	6.0	1.0
3x18	7.0	7.0	3.0	2.0
4x18	7.0	4.0	11.0	11.0
5x18	0.0	0.0	1.0	4.0
6x18	0.0	0.0	6.0	4.0
7x18	1.0	1.0	1.0	3.0
8x18	1.0	1.0	1.0	1.0
9x18	1.0	0.0	1.0	4.0
10x18	2.0	2.0	2.0	0.0
11x18	2.0	2.0	6.0	1.0
12x18	3.0	3.0	3.0	0.0
13x18	3.0	7.0	3.0	4.0
14x18	2.0	2.0	2.0	3.0
15x18	1.0	18.0	1.0	2.0
16x18	5.0	5.0	5.0	3.0
17x18	14.0	14.0	14.0	1.0
18x18	6.0	6.0	6.0	0.0
19x18	13.0	13.0	6.0	3.0
20x18	11.0	11.0	11.0	2.0
21x18	10.0	10.0	1.0	0.0
22x18	1.0	1.0	10.0	6.0
23x18	1.0	1.0	1.0	1.0
24x18	4.0	4.0	4.0	4.0
25x18	1.0	1.0	1.0	13.0
26x18	3.0	3.0	4.0	0.0
27x18	1.0	1.0	1.0	3.0
28x18	6.0	6.0	3.0	0.0
29x18	1.0	1.0	5.0	0.0
0x19	0.0	0.0	4.0	3.0
1x19	8.0	8.0	4.0	2.0
2x19	8.0	8.0	2.0	5.0
3x19	10.0	5.0	14.0	1.0
4x19	8.0	8.0	8.0	1.0
5x19	3.0	3.0	8.0	6.0
6x19	0.0	0.0	0.0	5.0
7x19	0.0	1.0	2.0	11.0
8x19	2.0	2.0	2.0	7.0
9x19	1.0	1.0	1.0	3.0
10x19	5.0	5.0	5.0	4.0
11x19	3.0	3.0	18.0	0.0
12x19	4.0	4.0	0.0	2.0
13x19	2.0	2.0	2.0	1.0
14x19	3.0	3.0	3.0	1.0
15x19	4.0	4.0	4.0	3.0
16x19	2.0	2.0	3.0	4.0
17x19	13.0	13.0	6.0	1.0
18x19	4.0	4.0	6.0	10.0
19x19	2.0	2.0	2.0	2.0
20x19	6.0	6.0	6.0	5.0
21x19	8.0	8.0	2.0	5.0
22x19	12.0	12.0	4.0	6.0
23x19	1.0	1.0	8.0	2.0
24x19	2.0	2.0	2.0	10.0
25x19	1.0	1.0	1.0	1.0
26x19	1.0	1.0	1.0	1.0
27x19	1.0	1.0	1.0	2.0
28x19	3.0	3.0	3.0	2.0
29x19	3.0	3.0	2.0	1.0
0x20	5.0	5.0	0.0	1.0
1x20	6.0	1.0	6.0	1.0
2x20	5.0	5.0	4.0	0.0
3x20	5.0	5.0	6.0	7.0
4x20	11.0	11.0	2.0	1.0
5x20	9.0	9.0	2.0	0.0
6x20	10.0	10.0	7.0	1.0
7x20	2.0	2.0	2.0	3.0
8x20	1.0	1.0	0.0	3.0
9x20	3.0	3.0	0.0	3.0
10x20	4.0	4.0	4.0	4.0
11x20	3.0	3.0	3.0	8.0
12x20	3.0	3.0	3.0	2.0
13x20	5.0	5.0	5.0	1.0
14x20	1.0	1.0	5.0	0.0
15x20	1.0	1.0	1.0	10.0
16x20	2.0	2.0	1.0	1.0
17x20	0.0	0.0	0.0	10.0
18x20	10.0	10.0	3.0	2.0
19x20	11.0	11.0	9.0	1.0
20x20	12.0	12.0	12.0	4.0
21x20	5.0	1.0	1.0	2.0
22x20	8.0	6.0	11.0	0.0
23x20	5.0	8.0	5.0	3.0
24x20	0.0	0.0	2.0	10.0
25x20	1.0	1.0	1.0	7.0
26x20	2.0	2.0	1.0	4.0
27x20	2.0	2.0	2.0	15.0
28x20	1.0	1.0	1.0	2.0
29x20	1.0	1.0	2.0	8.0
0x21	2.0	8.0	2.0	1.0
1x21	1.0	1.0	2.0	1.0
2x21	7.0	7.0	1.0	6.0
3x21	9.0	9.0	9.0	2.0
4x21	7.0	0.0	7.0	6.0
5x21	9.0	4.0	9.0	2.0
6x21	10.0	10.0	1.0	0.0
7x21	5.0	5.0	2.0	1.0
8x21	0.0	0.0	0.0	10.0
9x21	0.0	0.0	0.0	0.0
10x21	1.0	1.0	1.0	2.0
11x21	0.0	0.0	0.0	0.0
12x21	2.0	2.0	2.0	4.0
13x21	2.0	2.0	2.0	2.0
14x21	4.0	4.0	1.0	2.0
15x21	2.0	2.0	10.0	1.0
16x21	1.0	1.0	1.0	5.0
17x21	1.0	1.0	1.0	2.0
18x21	3.0	3.0	3.0	3.0
19x21	3.0	3.0	2.0	2.0
20x21	7.0	7.0	2.0	1.0
21x21	12.0	5.0	3.0	0.0
22x21	8.0	8.0	8.0	1.0
23x21	11.0	11.0	11.0	4.0
24x21	6.0	6.0	6.0	6.0
25x21	3.0	3.0	2.0	0.0
26x21	4.0	4.0	4.0	3.0
27x21	6.0	6.0	2.0	2.0
28x21	2.0	2.0	2.0	1.0
29x21	2.0	2.0	2.0	3.0
0x22	3.0	3.0	5.0	9.0
1x22	2.0	2.0	2.0	1.0
2x22	3.0	3.0	3.0	3.0
3x22	13.0	13.0	13.0	2.0
4x22	5.0	5.0	5.0	2.0
5x22	5.0	5.0	5.0	14.0
6x22	10.0	10.0	1.0	1.0
7x22	9.0	9.0	5.0	1.0
8x22	8.0	1.0	12.0	1.0
9x22	2.0	2.0	3.0	6.0
10x22	3.0	3.0	3.0	7.0
11x22	1.0	1.0	3.0	5.0
12x22	4.0	4.0	4.0	0.0
13x22	3.0	3.0	11.0	11.0
14x22	0.0	0.0	6.0	6.0
15x22	2.0	1.0	2.0	1.0
16x22	2.0	2.0	2.0	0.0
17x22	2.0	2.0	2.0	0.0
18x22	1.0	1.0	1.0	2.0
19x22	4.0	4.0	2.0	1.0
20x22	8.0	8.0	1.0	0.0
21x22	11.0	11.0	1.0	3.0
22x22	11.0	11.0	11.0	2.0
23x22	6.0	6.0	6.0	2.0
24x22	9.0	9.0	9.0	4.0
25x22	8.0	8.0	5.0	0.0
26x22	2.0	2.0	10.0	3.0
27x22	0.0	0.0	0.0	2.0
28x22	3.0	3.0	0.0	2.0
29x22	1.0	1.0	4.0	1.0
0x23	2.0	2.0	1.0	8.0
1x23	4.0	4.0	2.0	2.0
2x23	1.0	1.0	1.0	2.0
3x23	2.0	2.0	2.0	3.0
4x23	11.0	11.0	5.0	2.0
5x23	7.0	7.0	7.0	0.0
6x23	6.0	6.0	6.0	8.0
7x23	13.0	13.0	2.0	2.0
8x23	9.0	9.0	12.0	2.0
9x23	6.0	6.0	6.0	4.0
10x23	1.0	1.0	1.0	2.0
11x23	2.0	2.0	2.0	6.0
12x23	2.0	1.0	5.0	3.0
13x23	1.0	1.0	1.0	4.0
14x23	3.0	3.0	3.0	4.0
15x23	5.0	5.0	3.0	0.0
16x23	3.0	3.0	3.0	10.0
17x23	0.0	0.0	0.0	0.0
18x23	1.0	1.0	1.0	5.0
19x23	6.0	6.0	2.0	1.0
20x23	1.0	1.0	2.0	0.0
21x23	10.0	10.0	1.0	3.0
22x23	6.0	6.0	6.0	1.0
23x23	7.0	7.0	7.0	1.0
24x23	13.0	13.0	5.0	4.0
25x23	9.0	9.0	2.0	0.0
26x23	9.0	9.0	6.0	2.0
27x23	0.0	0.0	1.0	3.0
28x23	4.0	2.0	4.0	4.0
29x23	2.0	2.0	2.0	5.0
0x24	2.0	2.0	8.0	6.0
1x24	2.0	2.0	1.0	10.0
2x24	6.0	1.0	0.0	0.0
3x24	1.0	3.0	1.0	0.0
4x24	7.0	2.0	2.0	2.0
5x24	12.0	12.0	10.0	1.0
6x24	11.0	11.0	11.0	2.0
7x24	5.0	5.0	5.0	7.0
8x24	6.0	6.0	6.0	3.0
9x24	10.0	2.0	2.0	2.0
10x24	2.0	2.0	3.0	0.0
11x24	1.0	1.0	1.0	4.0
12x24	0.0	0.0	1.0	4.0
13x24	3.0	3.0	3.0	2.0
14x24	0.0	0.0	0.0	3.0
15x24	1.0	1.0	3.0	3.0
16x24	3.0	3.0	9.0	1.0
17x24	3.0	3.0	1.0	1.0
18x24	2.0	2.0	9.0	0.0
19x24	4.0	4.0	2.0	0.0
20x24	2.0	2.0	2.0	10.0
21x24	2.0	2.0	2.0	2.0
22x24	8.0	8.0	14.0	7.0
23x24	8.0	8.0	8.0	1.0
24x24	5.0	5.0	0.0	0.0
25x24	4.0	4.0	4.0	2.0
26x24	5.0	5.0	5.0	0.0
27x24	14.0	14.0	4.0	3.0
28x24	0.0	0.0	9.0	3.0
29x24	0.0	0.0	0.0	6.0
0x25	1.0	1.0	2.0	1.0
1x25	4.0	4.0	4.0	2.0
2x25	2.0	2.0	2.0	0.0
3x25	2.0	2.0	4.0	2.0
4x25	0.0	0.0	2.0	3.0
5x25	2.0	2.0	2.0	2.0
6x25	6.0	6.0	3.0	0.0
7x25	8.0	8.0	4.0	2.0
8x25	8.0	8.0	2.0	11.0
9x25	5.0	5.0	2.0	1.0
10x25	2.0	2.0	2.0	8.0
11x25	0.0	0.0	1.0	11.0
12x25	2.0	2.0	2.0	1.0
13x25	1.0	1.0	1.0	3.0
14x25	2.0	2.0	2.0	4.0
15x25	0.0	0.0	0.0	11.0
16x25	1.0	1.0	8.0	2.0
17x25	3.0	3.0	2.0	6.0
18x25	4.0	3.0	3.0	4.0
19x25	1.0	1.0	6.0	1.0
20x25	2.0	2.0	2.0	3.0
21x25	2.0	2.0	2.0	1.0
22x25	2.0	2.0	1.0	1.0
23x25	5.0	5.0	3.0	5.0
24x25	6.0	6.0	6.0	3.0
25x25	10.0	10.0	1.0	18.0
26x25	12.0	12.0	0.0	1.0
27x25	6.0	6.0	3.0	2.0
28x25	3.0	3.0	2.0	12.0
29x25	0.0	1.0	1.0	0.0
0x26	2.0	9.0	12.0	2.0
1x26	4.0	4.0	0.0	0.0
2x26	2.0	2.0	1.0	1.0
3x26	0.0	0.0	0.0	6.0
4x26	0.0	0.0	1.0	10.0
5x26	1.0	1.0	0.0	2.0
6x26	2.0	2.0	9.0	1.0
7x26	3.0	3.0	3.0	11.0
8x26	6.0	6.0	8.0	1.0
9x26	2.0	2.0	2.0	1.0
10x26	1.0	1.0	1.0	3.0
11x26	1.0	1.0	1.0	14.0
12x26	3.0	2.0	3.0	3.0
13x26	3.0	3.0	3.0	2.0
14x26	0.0	0.0	0.0	6.0
15x26	0.0	0.0	6.0	1.0
16x26	2.0	2.0	3.0	0.0
17x26	2.0	2.0	12.0	11.0
18x26	3.0	3.0	3.0	1.0
19x26	0.0	0.0	4.0	3.0
20x26	2.0	2.0	4.0	3.0
21x26	1.0	1.0	1.0	5.0
22x26	1.0	1.0	0.0	12.0
23x26	1.0	1.0	1.0	6.0
24x26	15.0	15.0	15.0	10.0
25x26	5.0	5.0	5.0	1.0
26x26	7.0	7.0	4.0	0.0
27x26	4.0	4.0	9.0	3.0
28x26	4.0	4.0	4.0	6.0
29x26	3.0	3.0	2.0	1.0
0x27	2.0	2.0	2.0	5.0
1x27	2.0	2.0	9.0	2.0
2x27	2.0	2.0	2.0	4.0
3x27	2.0	0.0	2.0	3.0
4x27	3.0	3.0	6.0	3.0
5x27	0.0	0.0	0.0	0.0
6x27	1.0	10.0	2.0	3.0
7x27	0.0	0.0	2.0	9.0
8x27	4.0	9.0	0.0	2.0
9x27	1.0	15.0	1.0	9.0
10x27	5.0	10.0	5.0	2.0
11x27	3.0	3.0	3.0	1.0
12x27	3.0	0.0	2.0	13.0
13x27	2.0	2.0	2.0	1.0
14x27	0.0	0.0	1.0	3.0
15x27	5.0	5.0	2.0	8.0
16x27	4.0	4.0	4.0	3.0
17x27	4.0	4.0	1.0	4.0
18x27	0.0	0.0	0.0	3.0
19x27	1.0	1.0	2.0	1.0
20x27	6.0	6.0	4.0	1.0
21x27	1.0	1.0	1.0	1.0
22x27	0.0	0.0	3.0	1.0
23x27	1.0	1.0	1.0	1.0
24x27	1.0	1.0	1.0	15.0
25x27	2.0	2.0	2.0	2.0
26x27	2.0	2.0	2.0	0.0
27x27	2.0	2.0	2.0	3.0
28x27	0.0	0.0	0.0	1.0
29x27	0.0	0.0	0.0	2.0
0x28	1.0	1.0	1.0	3.0
1x28	3.0	3.0	9.0	1.0
2x28	4.0	4.0	4.0	6.0
3x28	3.0	3.0	3.0	2.0
4x28	2.0	2.0	3.0	11.0
5x28	4.0	4.0	2.0	1.0
6x28	3.0	3.0	0.0	2.0
7x28	1.0	1.0	1.0	4.0
8x28	2.0	2.0	13.0	3.0
9x28	4.0	4.0	4.0	2.0
10x28	3.0	3.0	3.0	3.0
11x28	1.0	1.0	0.0	12.0
12x28	3.0	3.0	3.0	2.0
13x28	2.0	9.0	2.0	3.0
14x28	0.0	0.0	0.0	0.0
15x28	1.0	1.0	0.0	7.0
16x28	4.0	4.0	4.0	2.0
17x28	1.0	1.0	1.0	3.0
18x28	1.0	5.0	1.0	8.0
19x28	0.0	0.0	2.0	3.0
20x28	2.0	2.0	6.0	0.0
21x28	3.0	3.0	3.0	3.0
22x28	4.0	4.0	2.0	1.0
23x28	2.0	2.0	2.0	8.0
24x28	0.0	0.0	0.0	5.0
25x28	2.0	2.0	0.0	3.0
26x28	3.0	3.0	3.0	3.0
27x28	1.0	1.0	1.0	1.0
28x28	1.0	1.0	1.0	6.0
29x28	5.0	5.0	5.0	8.0
0x29	2.0	2.0	2.0	0.0
1x29	2.0	2.0	2.0	2.0
2x29	2.0	4.0	2.0	9.0
3x29	5.0	5.0	5.0	0.0
4x29	2.0	2.0	1.0	1.0
5x29	2.0	2.0	2.0	2.0
6x29	0.0	0.0	0.0	3.0
7x29	1.0	1.0	2.0	7.0
8x29	0.0	0.0	0.0	2.0
9x29	4.0	4.0	6.0	4.0
10x29	2.0	2.0	2.0	3.0
11x29	3.0	3.0	3.0	2.0
12x29	5.0	5.0	10.0	0.0
13x29	2.0	2.0	0.0	2.0
14x29	1.0	1.0	1.0	0.0
15x29	2.0	2.0	6.0	2.0
16x29	2.0	2.0	3.0	2.0
17x29	1.0	1.0	1.0	1.0
18x29	3.0	3.0	3.0	2.0
19x29	4.0	4.0	0.0	5.0
20x29	3.0	3.0	3.0	5.0
21x29	4.0	4.0	5.0	2.0
22x29	1.0	1.0	0.0	3.0
23x29	0.0	0.0	2.0	4.0
24x29	2.0	2.0	2.0	0.0
25x29	1.0	1.0	1.0	0.0
26x29	1.0	1.0	1.0	3.0
27x29	1.0	1.0	1.0	2.0
28x29	2.0	2.0	2.0	2.0
29x29	3.0	3.0	2.0	2.0
